durada,hora,dia_setmana_dec,count
2.732830354476496,-0.9207855070928049,-1.1320593348043717,3.769733523650502
0.26790930806008045,-0.4215349655828905,1.7062354659081376,-0.19415503682400367
-0.9302374156792241,0.4369914852445514,-0.47976588389927294,-0.45841427418897074
0.011810651131387842,2.363226904781409,1.6998761892541525,0.22110947903523026
-0.6886509256242872,0.15168715988078932,0.07446274115290875,-0.3829116349418373
-0.599998655305595,0.3248734190634328,-0.1697511470174944,-0.5339169134361041
0.31049142710159844,-0.38189726541784896,1.7167238562228702,-0.04314975832973679
-0.8868574283907783,0.1478758425572275,0.031957159351098156,-0.571668233059671
0.20513046591182607,2.3569153632935897,1.6195406396487302,0.7873792733887311
0.3071968050511423,-0.4266802439696985,1.7012672810222116,-0.11865239757687024
-0.184055729569502,-1.3133832192963286,-1.3417459616074219,-0.571668233059671
2.768609660261035,-0.9826900728085819,-1.120998560277679,3.7319822040269353
-0.3142243819026229,0.49089440167778065,-0.09845769390445756,-0.42066295456540403
-0.6206353899991932,-0.7691271054917179,-0.8065620452846229,-0.3829116349418373
-0.4771116436958918,-1.145990162445499,-0.7400987719217913,-0.5339169134361041
-0.9902808266562477,-1.8539804684703205,-0.25321665310105046,-0.5339169134361041
-0.9583376795539015,0.9701403314204969,-0.6288114304770507,-0.45841427418897074
-0.16176323610182844,1.074025952182721,-0.47231360657038374,-0.42066295456540403
2.757640675898599,-0.9629272484266196,-1.040288574954393,3.3167176881677016
-0.9233517034112169,0.3248734190634328,0.24757638340028396,-0.5339169134361041
0.5655270810847207,-0.39409348085324636,1.710751997622615,-0.30740899569470387
-0.6879915002695204,-0.28040732983043437,-0.8672843050014954,-0.45841427418897074
-0.6285858374049386,-1.4231491582149056,-1.0113616666933476,-0.571668233059671
-0.5433751480883485,0.6989923275442499,0.3217679443634444,-0.49616559381253744
0.04555982219431397,0.6102648602517332,-0.12801839397571654,-0.5339169134361041
-0.5848296862055553,-0.10138431040370774,-0.11101616125499236,-0.3829116349418373
-0.9189142443940567,-0.10138431040370774,-1.277987588904706,-0.49616559381253744
-0.5606659366724556,-0.8011421710096358,-0.9881768038923597,-0.49616559381253744
-0.42473432571058317,-1.030735926580993,0.9431222674299139,-0.5339169134361041
-0.4180715793636351,0.1508160016354038,-0.43008403504001347,-0.45841427418897074
-0.3149826299797545,0.6290818783520605,-0.6784932793363101,-0.45841427418897074
-0.4395443451803554,0.9745505700377604,-0.4810079301207542,-0.42066295456540403
-0.814251417920346,-0.7416856207620732,0.286990650161963,-0.49616559381253744
-0.25921200384290016,-0.2690822726404225,0.028093015550933555,-0.3829116349418373
-0.002557851718992762,2.120114275238642,1.6856774594836166,0.37211475752949713
2.664191045143676,-0.9591640541636759,-1.1298883632575807,2.976955811555601
-0.4967818284081659,-0.051074921732693214,-0.3274082140642109,-0.49616559381253744
-0.2135659250038191,0.3311457584302092,-0.30091122800593906,-0.45841427418897074
2.834129725886707,-0.9413089704620347,-1.074779085531343,3.127961090049868
0.2291826414035458,2.294600325053356,1.588241074867397,1.089389830377265
-0.5641470467635038,1.135769292824421,0.13628904195554298,-0.571668233059671
-0.9086048029705679,0.5869395982315354,0.2580095716607282,-0.571668233059671
-0.6730331100949255,0.10259739275331473,-0.051508346732457584,-0.34516031531827057
-1.1070089511817889,-1.1624550532832856,-1.046138960894829,-0.49616559381253744
-0.6626414226637912,0.2027588120165163,0.7275030433807287,-0.42066295456540403
-0.8950820291553424,-0.23401815326365522,-1.046138960894829,-0.49616559381253744
-1.2849434069785057,-0.5587423892311117,-0.6705441835188285,-0.5339169134361041
-0.8700448142697271,0.02438916127382857,-0.49839657722149494,-0.42066295456540403
-0.5773938456029082,0.033209638508356926,-0.23135663960297626,-0.45841427418897074
-0.15766049920880743,-1.1967569091953403,0.327564160063691,-0.42066295456540403
-0.6954805320886293,1.0328637250882549,-0.11410747629512423,-0.5339169134361041
-1.0635218528136183,0.16571280763149662,0.37277464252561726,-0.34516031531827057
-1.0642792811630992,0.5983735502022208,-0.7215508816810013,-0.49616559381253744
0.2863213019089916,2.3088927650167133,1.7263842157232812,0.6363739948944642
-0.5090613486194455,-0.3666519961236017,-0.18167479074371679,-0.45841427418897074
0.6065527960190054,2.371472736290413,1.7122942279641453,0.8251305930122979
0.42570057527126565,-0.3772064133273115,1.7092928104533227,-0.2319063564475704
-0.49873278021743467,0.8627265197644608,-0.8096533603247548,-0.5339169134361041
-0.682351774030962,0.42915106103608114,-0.2984271355629761,-0.42066295456540403
0.03468039681086255,-0.2141993031811342,-0.8220186204852816,-0.3829116349418373
-0.16917494027919724,-1.0572626951529822,0.36813766996541963,-0.49616559381253744
-0.6163636981292256,-0.1814219741985033,0.2580095716607282,-0.42066295456540403
-0.605782653610721,0.02301708703734663,-0.044552887892161115,-0.5339169134361041
-0.49375976580165154,-0.9520703370226794,-0.6751811560790262,-0.6094195526832377
0.122128942614555,-0.00442439769229801,-1.4495555736320147,-0.5339169134361041
-0.49604407352230806,-1.0487689022604736,-1.2448663563318663,-0.45841427418897074
2.7210625168936535,-1.004546158698666,-1.168164554584238,3.5809769255326684
0.06992868580185237,-0.11575842145256897,0.6331075305481357,-0.45841427418897074
-0.06493290733297609,-0.15260841523237673,0.6231711607762844,-0.5339169134361041
0.26158227171418463,-0.4014815728958431,1.71196798693036,0.25886079865879696
0.2629858976765092,-0.4130914318199231,1.7092928104533227,0.25886079865879696
2.754034451585589,-0.9433208781233725,-1.0612595235911255,1.882167542472166
-0.04966957847222662,-1.361405817573206,-0.9939730195926066,-0.571668233059671
-0.8490880214688569,-0.8666968289748971,-0.9688560848915367,-0.3829116349418373
-0.5628387614325825,-0.07851640646233737,-0.6149005127964581,-0.34516031531827057
-0.36694024740777537,0.7035659083325236,0.42841831324798774,-0.5339169134361041
-0.7422574707626254,-2.1119304249289765,-1.6721302565214964,-0.5339169134361041
0.024810875893385452,1.2043730046485315,-0.21148390005927228,-0.571668233059671
0.28192578802016965,-0.5775181419408686,1.6884545936848236,-0.005398438706170067
-0.8873623806237654,0.45659254576572533,-0.8513861133665324,-0.5339169134361041
-0.11802939971072124,0.5389169999546582,-0.03759742905186496,-0.49616559381253744
0.42978256674912013,2.3055997868491556,1.635885967923426,1.1648924696243983
2.8038692965239256,-0.9928576804459759,-1.1259557016851145,1.5801569854836324
-0.2621511828758179,1.6708782450524835,-1.202636784801496,-0.571668233059671
-0.007335563666396911,2.1289550294323307,1.6366808775051742,0.5986226752708975
2.4915687428076674,-0.9492558257683569,-1.3283700792222368,1.2403951088715317
-0.5490749876879767,-0.10138431040370774,-0.5592568420740879,-0.6094195526832377
-0.5207096785394912,-1.1178626405976133,-1.2287197554526073,-0.42066295456540403
-0.19188503944460664,0.5206226768015622,-0.5901699924754047,-0.3829116349418373
2.8129251666670476,-0.9671872251018164,-1.0300315825278272,2.8637018526849007
-0.4645911235552319,0.5183358864074252,-0.18540092940816139,-0.42066295456540403
-0.3636744524463776,-0.49209878345911834,-0.7778569770548284,-0.45841427418897074
-0.7690097380557352,-0.5221537429249196,-1.2393461509030597,-0.3829116349418373
-0.33301663830072614,1.0511580482413512,-0.6829094436793554,-0.3829116349418373
0.22604581692589817,2.332522932422795,1.6877427777216352,0.6363739948944642
-0.9350115095183759,1.2908136815469113,-0.39928128874727287,-0.34516031531827057
-0.074630285443753,-0.8057157517979101,-0.246261194260754,-0.571668233059671
-0.8188200333616587,-1.4917528700390164,0.19590726058665395,-0.45841427418897074
-0.3427222136880127,-0.3117690266643134,-0.6784932793363101,-0.45841427418897074
-0.2744421792742107,-1.0389683719998861,-0.5801232185949766,-0.34516031531827057
2.871148045499689,-0.9656151724341062,-1.1732098435540883,1.2403951088715317
2.8711399042729333,-0.9764627678934742,-1.124194665658154,2.674945254567067
-0.5532282744528065,0.4213106368276114,-0.7877933468266806,-0.45841427418897074
2.662085566487518,-0.9688893115343966,-1.0925086864968045,2.7881992134377676
-0.5507836644359636,-0.1837087645926402,-0.11874444885532157,-0.3829116349418373
-0.8366835383312318,-0.8496221273653405,0.14324450079583914,-0.34516031531827057
-0.4742196445433287,0.4456159518738679,0.13628904195554298,-0.5339169134361041
-0.07472592033636408,-0.1410220105687493,-0.03373328525170005,-0.3829116349418373
-0.20788029401680702,-0.5697189831229692,-0.40623674758756867,-0.5339169134361041
-0.10615537144411308,-0.5148360136636809,0.5953493254150992,-0.5339169134361041
-0.6739104008431458,-0.1288257951333519,0.42223568316772403,-0.3829116349418373
2.6204292989777866,-0.9609561511256118,-1.1693499460657921,1.9199188620957328
-0.7518974679378356,-0.15626727986299604,-0.2733102008619062,-0.3829116349418373
-0.6354524226944237,0.26450215265821575,0.31403965676311524,-0.3829116349418373
0.4082302873502574,-0.3899772581437996,1.7117004692826565,0.03235288091739665
-0.18157687315301954,-0.3172573236102421,0.052823535871987244,-0.5339169134361041
-0.2829804624865399,-0.9002364214222405,-0.20375561245894339,-0.3829116349418373
-0.7767319368511152,0.5087313667520498,-0.20452844121897612,-0.34516031531827057
2.715640582835233,-0.9808977553245278,-1.0770521112961458,3.0147071311791676
-0.6286177157024756,0.7218602314856197,-0.42014766526816133,-0.3829116349418373
0.04849772609533066,0.8737031136563178,0.8596567613463587,-0.5339169134361041
2.7798736135562017,-0.9917080371877209,-0.8851329692213035,1.3158977481186651
-0.2926204596617501,-1.598469755098744,-0.3428647892648693,-0.3829116349418373
-0.0680697318106237,0.4428718034009035,-0.8490676270864338,-0.49616559381253744
2.8173515837049767,-0.9657359760045102,-1.1651359675601392,2.4106860172021003
0.20733441548245704,-0.2656174387099118,1.7297214308234239,0.1078555201645301
-0.7094585279926842,-0.6328343980011512,0.0945562889137648,-0.34516031531827057
-0.4657196152880443,-0.8057157517979101,-0.5476644106735941,-0.49616559381253744
-0.7029706568779394,-0.4215349655828905,0.07832688495307336,-0.49616559381253744
-0.5495149081939883,0.24392103911098276,-0.14192931165630948,-0.42066295456540403
0.15038768716841663,2.353321835531375,1.5853429670172736,0.8628819126358646
-0.13751979082488613,-0.6993799984705383,-0.48970225367112474,-0.42066295456540403
-0.41569109026526685,-1.0472008174187792,-0.0306419702115688,-0.5339169134361041
-0.393916937915546,0.32853228369405263,-1.2316178633027308,-0.6094195526832377
0.5049449287490156,2.2987128593911987,1.547574077615664,0.4476173967766306
0.17331273714007575,-0.9209699876624159,-0.5731677597546802,-0.5339169134361041
-0.37348932485379105,-1.5740773242279489,-0.7447357444819893,-0.6094195526832377
-0.0770648765670842,-0.3078488145600785,-0.38040218618075433,-0.45841427418897074
-0.6670884451702126,-0.21297968163759376,-0.5036131713517173,-0.34516031531827057
-0.06648856825278504,0.2370606679285711,-0.1573858868569679,-0.3829116349418373
0.02629130403100718,-0.3241176947926533,1.718655928122952,0.03235288091739665
-0.5501078445281777,-1.5191943547686606,-1.0693238236958167,-0.49616559381253744
-0.06470338359070918,-2.406469027693825,0.08991931635356777,-0.6094195526832377
2.762976392710336,-1.0104143946460669,-1.1156935492977922,2.07092414059
2.739975187732928,-0.9725502651542427,-1.0941500927128036,3.543225605909102
-0.29135807907928213,0.4943245872689864,-0.10715201745482776,-0.42066295456540403
0.27243639063374503,2.347310843638214,1.6734454456610264,0.4098660771530639
-0.21139455753729391,-0.08308998725061163,0.2831265063617984,-0.3829116349418373
0.3077437950564905,-0.3666519961236017,1.720924012527397,0.14560683978809683
-0.7873015051825064,-0.10595789119198153,-1.0374446373444586,-0.42066295456540403
2.7820753803009546,-0.9680988495100249,-1.1431325153650158,3.392220327414835
-0.4292380915866205,-0.2629841649227243,0.1672021923568598,-0.3829116349418373
-0.14003307580270896,0.033993680929204094,-1.4356446559514222,-0.5339169134361041
-0.4613204102279284,0.9834690525748954,-0.21148390005927228,-0.5339169134361041
-0.5895954916873474,-0.3632218105323964,-0.11584634100519828,-0.42066295456540403
0.4450340716595103,2.302656063941794,1.6833517052214482,0.523120036023764
-0.106083235410829,-0.3705722082278371,0.036925344237024066,-0.45841427418897074
0.03613404717855311,-0.6364932626317704,-1.3243573145066811,-0.49616559381253744
0.15948393166849448,-0.8674590924396096,-0.2549555178111242,-0.42066295456540403
-0.20910250794437849,-0.06822584968872088,0.17976065970739488,-0.42066295456540403
-0.48696968842625554,0.24392103911098276,0.04065148290146866,-0.42066295456540403
-0.57943332799848,0.46208084271165406,0.12237812427495005,-0.5339169134361041
2.742057356282394,-0.9863978872088262,-1.3485841936133312,2.6371939349435003
-0.8877372694028014,0.09985324428035036,-0.22307633145976608,-0.49616559381253744
2.778409356951199,-0.9908816581044813,-1.1988990382284397,3.3167176881677016
-0.6063335105921618,-0.009912694638226744,-0.19757298237867965,-0.5339169134361041
-0.7558649497684494,1.0955871187560131,-0.7182387584237174,-0.45841427418897074
-0.3200612981816604,-0.11358052583910513,-1.4325533409112903,-0.3829116349418373
0.20231306197549984,-0.40644214898158626,1.7082227398625072,0.03235288091739665
-0.871135052045495,-0.09681072961543395,-0.5708492734745814,-0.49616559381253744
-0.7055336719999199,-0.3575048345470537,-0.3737779396661861,-0.49616559381253744
-0.2850461761669421,0.6669772620263315,-0.3853703710666802,-0.49616559381253744
0.39933102588872665,-0.3491892331138284,1.717075142022885,0.1078555201645301
-0.9145150393339408,1.1632107775540645,-0.7331433130814952,-0.571668233059671
0.05917517058558696,2.3302971231058356,1.638668151459545,0.22110947903523026
-0.23349514365379417,-0.289815838880598,-0.5036131713517173,-0.5339169134361041
-0.3616152965871831,0.7419839869540258,-0.18366206469808735,-0.34516031531827057
-0.4889397672140465,0.1272947290099945,0.020364727950604355,-0.49616559381253744
-0.383339718792746,0.8956563014400337,-0.41145334171779113,-0.42066295456540403
2.7079713650143526,-0.9321852031606185,-1.0515823634654957,3.6187282451562353
-0.20307750970987212,-0.03392399377666556,-0.6027284598259395,-0.42066295456540403
-0.3830528141149124,-0.7062403696529495,0.10151174775406158,-0.42066295456540403
2.8051446412641163,-0.9783476375516721,-1.0448743320147753,1.353649067742232
0.3415058227754145,-0.40781422321806865,1.704165388872335,0.18335815941166356
-0.12931431703884413,-0.5450216468662894,-0.2601721119413466,-0.34516031531827057
-0.7684559664870911,0.28018300107515576,0.6827893794073955,-0.45841427418897074
0.5309107275919205,-0.4589551720324055,1.6981057088220775,-0.30740899569470387
-0.8632547368943312,-0.04192776015614517,-0.09555958605433397,-0.49616559381253744
-0.7470009614361416,-0.2446898417696277,-0.2887667760625643,-0.3829116349418373
0.38753489658919127,2.406081356767536,1.6056297219681372,0.18335815941166356
0.1363498511458424,2.224853218032177,1.5650562120664087,1.089389830377265
0.15990646401221328,2.1797930527658864,1.5842891096172285,0.938384551882998
-0.7116619559184464,0.028505383983275363,-0.32972670034430973,-0.34516031531827057
-0.2630118969093188,-0.5495952276545637,-1.1968405691012487,-0.49616559381253744
0.34537903592616864,-0.45507455803023333,1.697403137222047,-0.04314975832973679
0.08136996838296363,2.263304491998109,1.6754647724211125,0.4476173967766306
-0.015218064757963447,-0.9813412540676335,-1.4217337382708295,-0.5339169134361041
2.7762518746325893,-0.9732394823855477,-1.2104202744561134,3.241215048920568
-0.5833811363654708,-0.767297673176408,0.7205475845404326,-0.5339169134361041
-0.44392251056409665,-0.49837112282589424,-0.8722524898874214,-0.34516031531827057
-0.26668427678558937,-0.11281826237439269,-0.341898753314828,-0.42066295456540403
0.07401980988648484,2.3088927650167124,1.6896748496217178,1.089389830377265
-0.511264776545208,-0.08126055493530174,0.004135323989912908,-0.34516031531827057
-0.38645741629187147,-0.04650134094441895,-0.6751811560790262,-0.49616559381253744
-0.1333692364855594,-0.5404480660780157,-0.6172189990765569,-0.49616559381253744
-0.4959129170981554,-1.0958114475112921,-1.1455026586133477,-0.45841427418897074
-0.2294440496027833,0.868214816710389,-0.2288725471600133,-0.571668233059671
2.6563645466165915,-0.9694649393649675,-1.23541866048322,3.8829874825212025
-1.0801819975915923,-0.1863222393287968,-1.0560753306666812,-0.45841427418897074
-0.7537795626244242,-0.03186588242194265,0.6370820784568768,-0.5339169134361041
-0.8379229665394733,-0.1855381969079501,0.20584363035850578,-0.5339169134361041
0.16991238540278802,2.3480222895386125,1.743772862824023,0.2966121182823637
-0.43655479843732903,-0.11693448508383948,-0.4201476652681616,-0.34516031531827057
0.43562558544511504,-0.40781422321806865,1.7211400205659153,-0.19415503682400367
-0.6352994068662456,0.09985324428035036,0.16411087731672822,-0.34516031531827057
2.723583251326269,-0.9881775537722114,-1.1461999477201443,1.4291517069893653
-0.4966383760692491,0.9368185285344997,-0.48970225367112474,-0.42066295456540403
-0.11700610635978113,0.07927213073311737,0.45797901331924673,-0.42066295456540403
-0.259712493114232,0.048400460412267386,0.11890039485480197,-0.42066295456540403
-1.0084667578351956,-0.06479566409751554,-0.22307633145976608,-0.49616559381253744
0.3323993793382842,2.29198115233449,1.6066406898228314,0.9006332322594313
-0.4225308977848208,-0.7828478478565397,0.6115787293757907,-0.49616559381253744
-0.5356401979739537,0.24254896487449984,0.3866855602062102,-0.5339169134361041
-0.04630323025231208,-0.4261085463711643,-0.1419293116563098,-0.49616559381253744
0.3673190147315429,2.311764548302372,1.715016443846053,0.9006332322594313
-0.5844025170185585,-1.1967569091953403,-0.2810384884622354,-0.42066295456540403
2.753785411048661,-0.9341333248686668,-1.0369012421225605,4.1094954002626025
-0.11861277255564949,-0.5999046163255782,-0.13323498810593898,-0.42066295456540403
-0.2867184205748866,-0.44897645031253464,0.5039347235140619,-0.45841427418897074
0.12264537103465553,-0.3529312537587799,1.0057213969925811,-0.571668233059671
-0.6599349552028939,-1.244779507472218,-1.3707270401086566,-0.6094195526832377
-0.6003352901275866,-0.7325384591855252,-0.566985129674417,-0.3829116349418373
-0.2452110555646187,-0.1654144414395441,-0.5747134172747459,-0.3829116349418373
-0.8000719511758568,-0.0800409333917618,-0.42014766526816133,-0.3829116349418373
0.26755871684936516,2.314873601432147,1.6076361043259155,0.7496279537651643
-0.5184259173039355,-0.27609509651577613,-0.37841491222638374,-0.34516031531827057
0.5365340592774597,-1.6564017784168819,0.344952807164432,-0.571668233059671
0.061534674656090936,2.1427193297094216,1.5170764265476981,0.2966121182823637
-0.32897702043682847,-0.5203243106096096,-0.7957424426441618,-0.5339169134361041
0.010562041973455739,2.3006603195978195,1.5997175819538851,0.22110947903523026
-0.6450414145935744,-0.9063345291399392,-0.2733102008619062,-0.3829116349418373
-1.1336528322632724,0.6075207117787689,0.6057825136755435,-0.571668233059671
2.815053546369186,-0.9734518272078606,-1.0609193109304584,2.2974320583314
0.19845833823731698,2.350054992111179,1.6417594664996773,0.9761358715065647
2.751235289559524,-0.9777150578712157,-1.0008042738107548,3.5054742862855353
0.2727538984772142,-0.8674590924396096,-0.61142278337631,-0.571668233059671
-0.5341559444406275,0.6608791543086328,-1.046138960894829,-0.3829116349418373
-0.5306748343495796,0.17303053689273476,-0.08396715465384016,-0.49616559381253744
-0.07600105223784713,-0.9947570910465703,-0.1419293116563098,-0.3829116349418373
-0.8054338808215922,-1.8347714291595696,0.17106633615702438,-0.571668233059671
0.3025994694417689,2.285627158398101,1.6271765238103597,1.0138871911301315
-0.3028980227877016,-0.9734137140346253,-0.43560424046882,-0.3829116349418373
-0.31322021553020524,0.01066841890900625,-0.08106904680371656,-0.42066295456540403
-0.40239838667740907,0.7937307867299264,-0.3406567070933464,-0.45841427418897074
-0.31090585112901375,-0.6181989394786743,-0.18829903725828498,-0.49616559381253744
-0.8042747859231443,-0.8496221273653405,-0.6983660188800138,-0.5339169134361041
-0.4520884552611927,-0.26603321878157316,-0.3583213644655277,-0.3829116349418373
0.056561660240308044,-1.5420622587100306,0.194251198958012,-0.49616559381253744
0.23650479654510623,-0.3591679548336992,1.717075142022885,0.1078555201645301
0.3899645398068812,2.3189051986342855,1.692807939189419,0.6741253145180309
-0.4064642358261371,0.8613544455279779,-0.054986076152605354,-0.571668233059671
-0.9210564659885477,0.7255190961162395,-0.3923258299069764,-0.5339169134361041
-0.1296586026522445,-0.38860518390731763,0.052823535871987244,-0.34516031531827057
-1.4687766229514825,-0.41238780400634245,-0.7215508816810013,-0.49616559381253744
-0.20138477211065367,-0.7416856207620732,0.05514202215208576,-0.49616559381253744
-0.2233807974112326,0.1318683097982683,-0.663588724678532,-0.49616559381253744
-0.7195601229162311,-0.3514067268293554,-0.36604965206585693,-0.3829116349418373
2.6503111042805356,-0.9355183303603544,-1.0384106732944998,1.6556596247307658
-0.7457691840193091,-0.13339937592162568,-0.05846380557275343,-0.34516031531827057
-0.7864981720845722,-0.6273461010552224,-0.246261194260754,-0.571668233059671
-0.6099370333457522,0.038109903638650404,-0.14192931165630948,-0.571668233059671
-0.2803696299182538,-0.1917125309721198,-0.6288114304770507,-0.42066295456540403
-0.33895146649362773,-0.4058541171659505,-0.4698295141274208,-0.45841427418897074
0.1428695425975829,-0.4065668830030845,1.704428853222346,-0.30740899569470387
0.2133713808639535,-0.32791107650528056,1.7237702360937586,-0.08090107795330351
-1.305049686801087,-1.249353088260492,-0.7099584502805079,-0.49616559381253744
-0.6128060801240885,0.9048034630165818,-0.7833771824836353,-0.3829116349418373
0.20811578458591604,-0.4056477902130966,1.7140799683595997,-0.005398438706170067
-0.9906021598954212,-0.41604666863696177,-0.8583415722068288,-0.34516031531827057
-0.4181699466817495,-0.1079179972440992,0.9411349934755436,-0.45841427418897074
2.752918600290756,-0.9612174985992274,-1.1869870024108293,3.807484843274069
-0.8767296932632509,0.6418225676908242,0.16237201260665388,-0.42066295456540403
-0.3085723597493003,-0.5907574547490302,-0.744735744481989,-0.49616559381253744
-1.0136692959932456,1.0397240962706655,1.0057213969925811,-0.571668233059671
-0.5841615170891783,0.26450215265821575,0.8179240083045806,-0.5339169134361041
-0.21248388450456068,0.2409808800328065,-1.10575717952594,-0.45841427418897074
0.25575256483474346,2.2640716732916264,1.6541247266602028,0.9761358715065647
-0.593124419224701,-0.908621319534076,-0.9591957253911252,-0.42066295456540403
-0.3110282637915564,-0.380372738488424,-0.30886032382342066,-0.34516031531827057
2.8542441515519057,-0.9722855641068505,-1.1052603610373477,3.0524584508027344
-0.7570617521388411,-0.28707169040763364,-0.09324109977423514,-0.34516031531827057
-0.7465323504623466,0.25421159588459924,-0.7331433130814952,-0.42066295456540403
-0.15938192727580927,-0.28432754193466925,1.0231100440933216,-0.571668233059671
-0.21868831201377562,-0.534349958360317,0.15174561715620138,-0.3829116349418373
-1.0070295020205242,-0.017753118846696014,-1.2448663563318663,-0.45841427418897074
-0.5374649117249756,-1.9719788528077908,-0.5418681949733472,-0.571668233059671
-0.658350148411051,1.2759168755508183,-0.10218383256890186,-0.45841427418897074
-0.39079924041642056,0.10671361546276102,0.18845498325776538,-0.571668233059671
-0.23315085804039382,0.055946868712919026,-0.8305197368456435,-0.34516031531827057
0.22461554397640154,2.393758097421353,1.563446152149674,0.2966121182823637
-0.8253909702116999,0.028505383983275363,-0.32277124150401326,-0.5339169134361041
0.17749248528872594,2.2568983728973864,1.5859530949857206,0.7118766341415976
-0.19537890085466966,0.11204945971574776,-0.5515285544737587,-0.3829116349418373
-1.0801164193795159,0.6692640524204684,0.08412310065332057,-0.571668233059671
-0.6815320463800089,-0.2568860572050251,0.6231711607762839,-0.45841427418897074
0.14736805338457193,2.3724147204094073,1.5866310149506617,0.2966121182823637
0.4481619536536934,-0.3914800061170893,1.7194839589372735,0.07010420054096338
0.5112354423520403,-0.3361614575351087,1.7167238562228702,-0.04314975832973679
-0.10617067302693065,-2.022288241478805,0.36813766996541963,-0.6094195526832377
0.13329909807154444,2.3155772292457284,1.6397382220503594,0.7496279537651643
-0.895120283112387,-0.6410668434200447,0.44928468976887687,-0.571668233059671
-0.6092714144931782,0.13827132290185246,-1.7138630095632743,-0.5339169134361041
-0.524009082334578,-0.3014784698906969,0.5883938665748024,-0.42066295456540403
-0.5422562198447973,-0.5621725748223171,-0.3071214591133466,-0.42066295456540403
-0.1716614474870889,0.05411743639760961,0.051277878351921775,-0.3829116349418373
0.3695992555863343,-0.4698842482017873,1.7029233426508537,0.07010420054096338
-0.45607005462357286,-1.3065228481139175,-1.411300550010385,-0.42066295456540403
-0.26926004322658476,-0.6166744125492499,-0.1651141744572971,-0.3829116349418373
-0.7821027924201609,1.213977524303907,0.48406198397035827,-0.5339169134361041
-0.13650606096320744,0.48403403049536947,-0.7331433130814955,-0.49616559381253744
-0.5243410720332141,-0.664588116045454,-0.10218383256890186,-0.45841427418897074
0.26340080597983767,2.263988517277294,1.7012672810222116,0.1078555201645301
-0.5800415659154873,-0.7096705552441553,0.19714930680813528,-0.42066295456540403
-0.48233822719836966,-0.26080626930926,-0.36052944663705067,-0.45841427418897074
-0.4253769921889304,0.06692346260477698,-0.6079450539561618,-0.34516031531827057
-0.37172007934048373,0.39827939071523166,0.14498336550591348,-0.42066295456540403
-0.37728193145220157,-0.2568860572050251,-0.05250198370964271,-0.45841427418897074
-0.7052180768543029,-0.18485215978970865,0.24931524811035768,-0.42066295456540403
-0.05228041104051271,-0.16084086065127032,-0.8722524898874214,-0.42066295456540403
-0.368975357922542,0.5023283536484661,-1.6721302565214968,-0.6094195526832377
-0.46286149821172046,-0.21376372405844143,-1.254802726103718,-0.45841427418897074
-0.8799972187608007,-0.147120118286448,0.19811534275817658,-0.3829116349418373
-0.10248872966139912,-0.11967863355680385,-0.08976337035408706,-0.42066295456540403
-0.18859519913878078,0.8102827933922514,-0.5515285544737587,-0.3829116349418373
-0.1172643205698314,0.28645534044193166,-0.15584022933690211,-0.5339169134361041
-0.17227351079980052,1.9201383980134183,-0.5824417048750754,-0.6094195526832377
-0.5519312831472982,0.3437775529882989,-0.1573858868569679,-0.3829116349418373
0.19414539209994883,2.1784111954688945,1.560112381027963,1.2026437892479651
-0.5619436188377414,-0.6465551403659734,-0.3366821591846056,-0.34516031531827057
-0.6091107478735912,-0.22395627552945171,-0.01673105253097618,-0.34516031531827057
-0.3294131155471357,-0.7014381098252618,-0.26712757078164306,-0.34516031531827057
-0.3388530991755133,-0.4881785713548839,-0.7877933468266809,-0.45841427418897074
0.26339710398399474,2.369529594177377,1.7338008788235977,0.4476173967766306
0.05353758426763325,-0.27710609858476265,1.7250622717916462,-0.005398438706170067
-0.07635171351075482,-0.07851640646233737,-0.43753631236890234,-0.42066295456540403
-0.31947473750697847,1.622855646775606,0.5188392781718396,-0.571668233059671
-0.12575669903370704,0.1821776984692833,0.8840008672873959,-0.571668233059671
2.777177311061877,-0.9890041592374208,-0.9359015000297556,1.2781464284950985
0.02268778127741654,0.02438916127382857,0.18845498325776538,-0.571668233059671
-0.7040647200494118,-1.9802112982266837,-0.5453459243934949,-0.5339169134361041
-0.29748636299780873,0.8819355590752114,-0.5870786774352731,-0.34516031531827057
2.8150885062354853,-0.9690942210679215,-1.2766995409713178,3.3544690077912684
0.3302224154719118,-0.39842634686319,1.717740736170282,-0.005398438706170067
-0.47552219178069344,-1.0183872584526525,-0.9678900489414958,-0.42066295456540403
-0.817286231845875,-0.05869755637981635,-1.1929764253010842,-0.3829116349418373
-0.565830220873461,0.2919436373878599,-0.9997692352928536,-0.49616559381253744
2.6127427127947973,-0.960988819559814,-1.1238082512781375,3.807484843274069
-0.9538783611327157,0.1455890521630911,-0.7911054700839645,-0.6094195526832377
0.3776347725060786,0.2151074801448557,-0.18366206469808735,-0.5339169134361041
-0.24017428455376133,-0.3392105113939575,-1.6025756681185332,-0.571668233059671
-0.4618942195835957,-1.1350135685536409,-0.8026979014844583,-0.571668233059671
-0.5881322778303958,-0.40095385203565753,-1.7590734920252002,-0.571668233059671
-0.6143266749166069,-1.0183872584526532,-1.2374140790029773,-0.42066295456540403
-0.681040209789437,0.07633197165494109,0.16609815127109848,-0.45841427418897074
-0.6687843705991847,1.0237165635117065,0.004908152749945952,-0.3829116349418373
-0.1441696036911192,0.1272947290099945,-0.566985129674417,-0.3829116349418373
0.3915898160359065,-0.3826595288825614,1.7186559281229528,-0.2696576760711371
0.5983369894957337,2.2829109337301348,1.6176537864526919,1.051638510753698
0.35811282187735183,2.278021094695863,1.6447541779448036,1.089389830377265
-0.390266417443301,0.38994893999373237,-0.29097485823408725,-0.45841427418897074
-0.21009027976377698,0.38994893999373237,0.11641630241183933,-0.45841427418897074
-0.7113482734706815,-0.3300633498174095,0.1672021923568598,-0.3829116349418373
-0.42103899346008583,0.044970274821061564,-0.6809773717792731,-0.571668233059671
-0.41171459143049266,0.3193851221175041,-0.5592568420740875,-0.42066295456540403
-0.7909930120372991,0.7767432009449086,-0.1303368802558157,-0.49616559381253744
-0.3410171801740299,0.30762448580479945,-0.897093414317051,-0.45841427418897074
-0.18612144324990418,0.18766599541521153,-0.5870786774352728,-0.5339169134361041
-0.23886599922283977,0.7694254716836699,0.3171309718032468,-0.5339169134361041
-0.24750264975328318,-0.8292370244233194,0.1760345210429503,-0.45841427418897074
-0.40294487177804456,-0.025157963932473496,-0.7292791692813306,-0.3829116349418373
-0.39489623921588496,-0.10870203966494589,0.21975454803909872,-0.5339169134361041
-0.5308201993863486,0.168456956104461,0.30322005412265385,-0.34516031531827057
-0.44632485906649044,-0.4764179350421793,-0.3737779396661861,-0.6094195526832377
-0.5361451502069409,0.01143068237371871,-0.41241937766783243,-0.3829116349418373
-0.6639570855435712,-0.7508327823386218,-0.817602456142236,-0.45841427418897074
-0.7689332301416463,0.5480641615312069,-1.3629987525083276,-0.3829116349418373
-0.351745775669706,0.9999339434126816,-0.9209407017694954,-0.5339169134361041
-0.35938317819363735,-0.49356886299820646,-0.47231360657038374,-0.42066295456540403
-0.008459633837940742,-0.3454472124688769,1.717075142022885,0.1078555201645301
-0.34430920642025803,0.014784641618453043,-0.4757913359905318,-0.34516031531827057
0.21676923234261072,-0.3632218105323964,1.7157578202728294,0.18335815941166356
0.44555919416075757,-0.3329738103190387,1.7139135698227506,0.1078555201645301
-0.3938978109370238,-0.29804828429949154,-1.411300550010385,-0.571668233059671
2.7897741019627147,-0.9651377107034623,-1.179451922000508,2.448437336825667
0.1374209619430878,2.2734475139075885,1.527380810014804,0.18335815941166356
-0.6903851050103039,-1.0801305990943526,0.020364727950604972,-0.49616559381253744
-0.1808423971777653,0.8316261704041974,-0.4665173908701368,-0.6094195526832377
0.29693677498883614,-0.3041463920171903,1.7244521438231992,-0.04314975832973679
2.8437057680992157,-0.9814773275456319,-1.1898467881736783,3.8452361628976357
-0.6549810677656331,1.478787851944974,0.6927257491792472,-0.571668233059671
-0.5189308695369227,0.6898451659677018,-0.25321665310105046,-0.34516031531827057
-0.4765148819659978,0.4401276549279391,0.13628904195554298,-0.34516031531827057
-0.8013598343963545,-0.6090517779021263,-0.3969628024671737,-0.49616559381253744
0.47161709417296876,1.2798370876550529,0.9709441027910991,-0.6094195526832377
-0.1293270683578588,0.26450215265821575,0.15174561715620138,-0.3829116349418373
-0.5401159109481585,0.1108298381722083,-0.6705441835188285,-0.34516031531827057
0.5768154760453023,-0.4969990485894123,1.7056144427973967,-0.11865239757687024
-0.5628846661810358,1.659444293081798,-0.2694460570617416,-0.49616559381253744
0.28303112604213904,2.3832736315207477,1.637203844335272,0.7118766341415976
-0.9034213917910403,0.6212414541435907,1.1216457109975198,-0.49616559381253744
-0.28894807978547954,-0.7542629679298272,-0.49839657722149494,-0.42066295456540403
0.13357643926011709,-0.41810477999168466,1.7070634967224583,0.18335815941166356
-0.7104454800844316,-1.1405018654995702,-0.726187854241199,-0.5339169134361041
-0.3481269513332976,-0.7599799439151693,0.05514202215208576,-0.49616559381253744
-0.6670246885751385,-0.8423043981041023,-0.9688560848915367,-0.3829116349418373
0.4436407002544355,2.251468917341716,1.679370466154612,0.2966121182823637
-0.5938474190128418,-0.49837112282589424,-1.0878717139366065,-0.5339169134361041
2.945068891811413,-0.9676801671043974,-1.1928084190489032,2.7504478938142007
2.7724068054645183,-1.0005201379006592,-1.072126389528903,2.712696574190634
-0.6783924894768579,-0.18828234538091446,-0.3505930768651985,-0.42066295456540403
-0.698992245345313,0.28096704349600193,-0.44796950062934654,-0.34516031531827057
0.6484727883810315,-0.3172573236102426,1.7151781987028045,-0.34516031531827057
-0.16560202069124258,-0.2733509480428118,-0.21148390005927228,-0.5339169134361041
-0.4538379362300271,-0.3364663629209937,0.19888817151820962,-0.34516031531827057
2.739880012274694,-0.9511556208650245,-1.0053998448302366,1.9199188620957328
-0.2902232116869622,-1.692990424723074,-0.11874444885532157,-0.3829116349418373
-0.8163936395148371,0.02667595166796546,0.051277878351921775,-0.3829116349418373
-0.8780590182705468,-0.2934747035112173,0.20584363035850578,-0.49616559381253744
-0.6379006759452706,0.6578301004497839,0.6695408863782597,-0.6094195526832377
-0.7300927124224792,-0.44211607913012396,-1.6025756681185332,-0.42066295456540403
0.05396039116128293,-1.0389683719998861,-0.2636498413614947,-0.571668233059671
-0.24602713998156753,-0.575207280068898,0.011090782830209065,-0.5339169134361041
-0.6288497897085454,0.06692346260477698,-0.32972670034430973,-0.34516031531827057
-0.006978162410581487,0.493181192071918,0.07832688495307336,-0.49616559381253744
-0.3623446720348311,0.07241175955070621,-0.2501253380609189,-0.3829116349418373
-0.08347842570814219,1.1206764762231156,-1.588664750437941,-0.5339169134361041
-0.42907232443942767,0.03124953245623973,-1.4866513541135946,-0.49616559381253744
-0.832970354234114,0.4261020071772318,-0.2887667760625649,-0.3829116349418373
-0.7423558380807398,0.5349967878504234,-0.48970225367112474,-0.45841427418897074
-0.003512353902351073,-0.41055837169103254,-0.25321665310105046,-0.5339169134361041
-0.9511699809739662,-0.8715753151490564,-0.43405858294875427,-0.5339169134361041
2.6459127806480014,-1.018165956156446,-1.0517482018950681,3.9584901217683357
-0.7501632885518189,-1.3057605846492053,-0.5592568420740875,-0.3829116349418373
-0.4214342843495456,0.4413472764714786,-0.5978982800757342,-0.3829116349418373
-0.8478711813114418,0.2723425768666855,-0.4102112954963098,-0.45841427418897074
-0.6392013104847831,-0.13797295670989995,-0.5824417048750754,-0.6094195526832377
-1.0720257074646073,0.655543310055646,-0.42014766526816133,-0.571668233059671
-0.32413406947499657,-0.6108812102174361,0.0945562889137648,-0.34516031531827057
-0.05263043474746966,-0.44897645031253464,0.17802179499732054,-0.5339169134361041
2.731722948819736,-0.9501718695256599,-1.159001123209071,3.278966368544135
-0.5737870439387139,-0.19895403388688743,0.11310417915455538,-0.3829116349418373
-0.12539966210129205,0.06936270569185636,-0.41241937766783243,-0.3829116349418373
0.10225218653424056,-0.15809671217830545,0.33104188948383906,-0.5339169134361041
2.7756902245704116,-0.9912887922821292,-1.0783079580311992,2.2974320583314
0.2334224549759763,-0.42610854637116474,1.7089955686225409,-0.04314975832973679
-0.5866786274627055,-0.28432754193466925,-0.8142903328849521,-0.49616559381253744
-0.43896479773113156,0.08338835344256366,-0.322771241504013,-0.5339169134361041
-0.26596291645275055,0.35858724315985335,0.18597089081480211,-0.45841427418897074
-0.14942633495498206,-0.12996919033042034,-0.5331738714229767,-0.42066295456540403
-0.5970837037788053,0.737867764244579,-1.6547416094207557,-0.571668233059671
-0.5265051530317306,-0.6520434373119022,-0.2810384884622354,-0.5339169134361041
0.17068960865702554,0.06065112323800108,-0.4400204048118653,-0.45841427418897074
-0.6484281649239129,0.06417931413181262,-0.4618804183099395,-0.34516031531827057
-0.27006155470751686,0.5859595452054773,-0.8672843050014954,-0.45841427418897074
-0.4406632734239066,-1.4643113853093719,-0.4665173908701368,-0.6094195526832377
-0.8786232641369529,-0.5587423892311117,-0.6548944011281619,-0.42066295456540403
-0.4355219415971279,-0.9868295510135617,-1.2826245614649032,-0.5339169134361041
-0.5078678251596577,-0.009912694638226744,0.06673445355257955,-0.5339169134361041
-0.716818589328043,-1.2722209922018624,0.11310417915455538,-0.49616559381253744
-0.23483148188654837,-0.2690822726404225,-0.5978982800757339,-0.3829116349418373
-0.6156521745281982,0.23157237098264288,0.24757638340028396,-0.5339169134361041
0.12956327260798065,2.2402890531926025,1.6664899868207297,0.8251305930122979
-0.41569109026526685,1.784760406680507,-0.14192931165630948,-0.5339169134361041
-0.6695443492124685,-0.1690733060701634,-1.0600498785754218,-0.5339169134361041
2.823648386731374,-1.0162815999709227,-1.1322213722846348,3.090209770426301
-0.7786242325929157,-0.028207017791322845,-0.2578536256612475,-0.3829116349418373
-0.8861000000412974,0.06417931413181262,0.08760083007346926,-0.34516031531827057
2.759482262057895,-0.9141953711197849,-1.2852328585300146,1.6934109443543324
0.8352959336366048,-0.4248279437504479,1.7082227398625078,0.22110947903523026
-0.011109589771385854,-0.624601952582258,0.15019995963613592,-0.34516031531827057
-0.7334372012383684,-0.6528274797327488,-0.40027492572445794,-0.45841427418897074
-0.6260266476786627,0.473057436603512,0.8318349259851735,-0.5339169134361041
-0.3397416839491466,-0.16358500912423418,-0.14192931165630948,-0.34516031531827057
0.16313022930132567,-0.41155624386302014,1.704428853222346,-0.30740899569470387
0.16895178603700448,-0.11967863355680336,0.17106633615702438,-0.571668233059671
-0.19539420243748723,-0.7508327823386213,-0.948762537130681,-0.5339169134361041
-0.3543295572255106,-0.0726360883059853,0.05679808378072834,-0.45841427418897074
0.03570282075368799,-0.43650304816269647,1.717075142022885,-0.30740899569470387
0.47423366483481183,-0.49105339356465605,1.6943118221819156,-0.15640371720043697
-0.5208818213461914,0.2736493142347638,1.3303094762064087,-0.49616559381253744
-0.35367377510474796,-0.08194659205354271,0.18845498325776538,-0.42066295456540403
-0.4703177409247912,0.5718467816302312,-0.0028201348503832484,-0.5339169134361041
-0.10119765861114775,0.4428718034009035,-0.9765843724918662,-0.571668233059671
-0.6840240184389068,-0.04911481568057553,-0.9467752631763104,-0.45841427418897074
0.14345552366685518,-0.4215349655828905,1.7070634967224583,0.18335815941166356
0.3282740522762776,-0.3601183092832107,1.7062354659081376,0.07010420054096338
0.16456460364910266,2.389257113153528,1.6287317816876925,0.5986226752708975
-0.22952693317637976,0.1638833753161867,0.36813766996541963,-0.3829116349418373
-0.1941802768672757,0.4139057917418344,0.5458882847729919,-0.3829116349418373
-0.42016680323947153,-0.32823391750210007,0.18497725383761732,-0.34516031531827057
0.2917141990437629,2.299092234756125,1.6192922304044337,0.3343634379059304
0.09876620775775066,2.3259397479548247,1.6201202612187544,0.523120036023764
-0.9735153924155514,-0.705096974455881,-0.706094306480343,-0.3829116349418373
-0.6038546541756791,0.562928299093097,-0.02020878195112395,-0.42066295456540403
0.6236670099355351,-0.40095385203565703,1.7099616045725816,0.18335815941166356
0.47612758347175954,2.3076454248017284,1.6538436980201914,0.1078555201645301
-0.926048607382853,-0.04764473614148788,-0.4201476652681616,-0.42066295456540403
-0.13235550662388068,-1.3614058175732062,-0.6635887246785324,-0.571668233059671
0.24387216090862798,2.2391456579955333,1.7476370066241869,0.18335815941166356
-0.5481951466759536,0.038109903638650404,-0.14192931165630948,-0.571668233059671
2.6643568643370688,-0.9938859328011848,-1.0968144467312737,1.9199188620957328
0.4653772852565974,2.2856730471685522,1.657126869151101,1.2403951088715317
-0.9237342429816617,-0.4855650966187273,-0.9765843724918659,-0.49616559381253744
-0.5120222048946886,0.7447281354269901,-0.7400987719217916,-0.34516031531827057
2.761176388947783,-0.9730840865904249,-1.1608100390726872,3.4677229666619684
0.018780661210191046,2.3450656312512437,1.6854594200215385,0.1078555201645301
-0.34440101591716493,0.006552196199559456,-0.7540096896023842,-0.5339169134361041
0.3987050520461807,0.7653092489742231,-0.4201476652681616,-0.571668233059671
-0.1644697035627256,-0.39409348085324636,-0.2578536256612478,-0.49616559381253744
-0.7937727995825317,-1.0770815452355031,-0.3583213644655277,-0.3829116349418373
-0.6908900572432911,1.1289089216420092,-0.2810384884622354,-0.34516031531827057
-0.3293697610624853,1.0206675096528575,-0.6210831428767215,-0.3829116349418373
2.8805083894339782,-0.9620342094542762,-1.146744704834829,1.3914003873657987
-1.039175121852656,0.1924682552428998,-0.40275901816742093,-0.42066295456540403
-0.5816138035500157,-0.5505099438122186,0.018046241670505222,-0.34516031531827057
0.4107091437667399,-0.43251155947474845,1.7221336575431,-0.34516031531827057
-0.5196768216992901,0.48403403049536997,0.840529249535544,-0.42066295456540403
-0.21676286284253657,0.17531732728687213,-0.3332044297644578,-0.571668233059671
-0.5061693494668824,-0.3172573236102426,0.03891261819139493,-0.34516031531827057
-0.6979848911431417,-0.5404480660780157,-0.08783129845400477,-0.3829116349418373
0.21072510712958198,-0.47517059482719515,1.7075904254224807,0.1078555201645301
0.7105274011496686,-0.4043840376268628,1.7143087663477672,-0.11865239757687024
-0.7602586899775587,-0.903721054403782,0.2654618489896168,-0.45841427418897074
-0.09948898186316057,0.666977262026331,-0.03373328525170005,-0.3829116349418373
0.07437707452102531,2.3324140376421214,1.586999028645915,0.8628819126358646
-0.13855264766508724,1.3415804282967527,-0.17670660585779088,-0.571668233059671
-0.19759763036324965,0.07584194514191153,-1.1156935492977922,-0.42066295456540403
-0.5392437207275441,-0.6986939613522973,-0.9696289136515698,-0.34516031531827057
2.5924972310729713,-0.9368250677284327,-1.127285980698286,1.3158977481186651
-0.42836080083840017,-0.09772544577308842,-1.3104463968260887,-0.5339169134361041
-0.4714481453554558,-0.6204857298728113,-0.3071214591133466,-0.42066295456540403
2.495655148203642,-0.912526453899448,-1.2323312436966072,1.7311622639778992
2.8257177932442628,-0.9869438905332689,-1.0229540980938412,2.9014531723084676
-0.383339718792746,0.4360114322184923,-0.12454066455556846,-0.571668233059671
-0.24189571262076315,-0.9932325641171459,-0.7795130386834707,-0.49616559381253744
2.746057217539429,-0.9729990427098215,-1.2152957198908352,3.9962414413919025
0.4622016847455681,2.329695180860152,1.6418093264196791,0.4476173967766306
-0.23533133359192945,1.2688604937631953,-0.2810384884622354,-0.34516031531827057
-1.0809580064344946,0.543490580742932,0.3101755129629506,-0.49616559381253744
-0.4451619387723381,-1.1405018654995702,-0.7331433130814952,-0.34516031531827057
0.1670112671251114,-0.40906156343305233,1.6981057088220775,-0.30740899569470387
-0.7411863599653797,0.4474453841891773,-0.44333252806914925,-0.3829116349418373
-0.27655379770306643,-1.4848924988566052,-1.0983049021970515,-0.42066295456540403
0.3892180706991483,-0.3883765048679041,1.7186559281229528,0.18335815941166356
0.21451224887698597,2.3637757344760013,1.7139135698227506,0.1078555201645301
0.4580751933792211,2.3581858024014437,1.7411967669572463,0.2966121182823637
-0.7153171215140469,0.4120001330800535,-0.3940646946170504,-0.42066295456540403
-0.3044983133240627,-0.7371120399737995,-0.24626119426075369,-0.571668233059671
0.5392140865033411,-0.47157532008988867,1.703313004210534,-0.08090107795330351
-0.2508471385691726,0.11357398664517218,0.023262835800728267,-0.42066295456540403
-0.22931781154453668,-0.36116369917767344,-0.7818315249635696,-0.5339169134361041
-0.4737146923103415,-0.03343396726363602,-1.0262662213511253,-0.45841427418897074
-0.7415402090680413,-0.29804828429949154,-1.2374140790029773,-0.42066295456540403
0.2640562237771999,2.275048267183485,1.6680356443407964,0.9761358715065647
-0.4178256610683491,-1.457451014126961,-0.5853398127251987,-0.42066295456540403
2.7652295552754333,-0.9751370923026703,-1.079404198826681,2.7504478938142007
-0.6036633843904567,0.20047202162237893,0.2753982187614686,-0.49616559381253744
0.1166916043063701,2.2734080864869997,1.5825447939206019,0.37211475752949713
-0.47986592860309474,0.7474722838999545,0.9222558909090254,-0.34516031531827057
0.10369642054327416,-0.3856499470902789,1.7199935163614708,-0.2319063564475704
-0.7101700515937115,-0.06753981257047942,-0.9557179959709772,-0.34516031531827057
0.49668873761992416,-0.5066035682447874,1.6943118221819156,-0.34516031531827057
-0.16886125783143244,-0.45446474725846336,-0.6566332658382359,-0.5339169134361041
0.5052652747892977,-0.44897645031253464,1.7035857673023103,-0.15640371720043697
0.15316383147964507,-0.3627317840193673,1.7062354659081376,-0.19415503682400367
-1.160679252915201,-0.009912694638226744,0.18845498325776538,-0.571668233059671
-0.4478768767522952,-0.9782050843842452,-1.1455026586133477,-0.45841427418897074
0.6044239033294075,-0.3744924203320715,1.7112036507940636,-0.19415503682400367
-0.7392736621131556,-1.1569667563373562,-1.4356446559514222,-0.5339169134361041
-0.735916877382502,0.2576417814758046,-0.4810079301207542,-0.42066295456540403
-0.9728523238267803,0.11814756743344645,-0.08396715465384016,-0.49616559381253744
-0.4158747092590804,-1.4917528700390161,-1.417096765710632,-0.6094195526832377
2.79780196809105,-0.9974025936593959,-1.1535394282817573,1.8444162228485994
-0.8392312518703946,0.11357398664517218,0.18845498325776538,-0.571668233059671
0.4707555485317059,2.3464756680160073,1.6695140993599893,0.14560683978809683
-0.4002384043171472,0.7138564651061402,0.2667038952110987,-0.42066295456540403
-0.12062110530048495,-0.8811798348044318,-1.0548332844451995,-0.42066295456540403
-1.1434649722451828,0.6871010174947375,-0.12801839397571654,-0.5339169134361041
-0.4005425232756508,-0.28707169040763364,-0.8583415722068288,-0.34516031531827057
-0.47796088154227934,-0.44211607913012396,0.49275630752072874,-0.42066295456540403
0.39040940821853387,2.337734325497869,1.6168081379614712,1.1271411500008317
-0.4852673873377759,-0.6364932626317704,-0.6288114304770507,-0.49616559381253744
0.10360502647395517,2.307009525868599,1.5982992138766492,1.2026437892479651
-0.4527132698929193,0.6692640524204684,-0.43753631236890234,-0.42066295456540403
-0.7367489009482195,-0.6730819089379626,0.2753982187614686,-0.49616559381253744
-1.041031804982065,0.6408425146647652,0.02698897446517224,-0.45841427418897074
-0.41178918664672937,0.168456956104461,-0.23930573542045752,-0.34516031531827057
-0.566365776272084,-0.4855650966187273,1.2491624564029515,-0.6094195526832377
-0.10473232424205807,-0.22395627552945171,0.19193271267791284,-0.34516031531827057
-0.46944555070417693,0.1602245106855674,-0.948762537130681,-0.34516031531827057
0.21481281568233532,-0.5391413287099374,1.7029233426508537,0.07010420054096338
2.652549893006927,-0.9781128440994395,-1.150061698861609,2.4861886564492335
-0.3253505453090115,-0.3035365812454203,-0.22539481773986522,-0.34516031531827057
0.29008294101836585,-0.46727077346563073,1.7070634967224583,0.18335815941166356
-0.4957489715679648,-0.8441338304194117,-0.6983660188800138,-0.34516031531827057
-0.6915786284700918,0.23157237098264288,-0.865297031047125,-0.5339169134361041
-0.8757484792650599,-0.16358500912423418,-1.1991590553813476,-0.5339169134361041
-0.2347422226534446,-0.920055271504761,-1.0113616666933474,-0.49616559381253744
-0.49528992408343103,-1.2408592953679831,-0.17173842097186495,-0.45841427418897074
2.8569849752017915,-1.0220337620541144,-1.223471830426708,3.4677229666619684
0.3774990541193467,-0.3105759186325898,1.720924012527397,0.14560683978809683
0.7446856100048234,-0.4215349655828905,1.71196798693036,0.25886079865879696
0.09315856782842664,2.3005264586966994,1.5986318517934486,0.8251305930122979
2.932865402362228,-0.9609175916622913,-0.9811453291084539,1.5801569854836324
-0.5455046183638247,0.26450215265821575,-0.6133548552763926,-0.3829116349418373
0.2961079392528722,-0.5156200560845281,1.7012672810222116,-0.19415503682400367
2.6648010602853383,-0.9806955720739948,-1.0608681678507508,2.4861886564492335
-0.34888656562318093,1.1347892397983619,-0.5195113629866802,-0.45841427418897074
-0.2805016060700575,-0.7398561884467638,-0.6983660188800138,-0.5339169134361041
-0.6485658791692731,0.6816127205488083,0.011090782830209683,-0.5339169134361041
-0.4053625218632559,0.2754787465500737,-0.030641970211568493,-0.5339169134361041
-0.7488808701823277,-0.8370774486317891,0.2753982187614692,-0.45841427418897074
2.8218983747206026,-0.9840854025405978,-1.2298065458964034,1.6934109443543324
0.20703276866702716,2.414482825824256,1.6453211990459153,0.14560683978809683
-0.3713471032593,1.0163988342504677,-0.9070297840889028,-0.5339169134361041
-0.42594506345104105,0.3536869780295594,-0.6462000775777916,-0.42066295456540403
2.8836019505078254,-1.006517727359275,-1.1786238911861875,1.6556596247307658
-1.2590875574121385,0.2919436373878599,-0.9939730195926066,-0.571668233059671
-0.6719466977148623,-0.006863640779377393,0.12083246675488458,-0.3829116349418373
0.27900607837498476,2.2806112348361607,1.6125496937735342,1.1271411500008317
-0.20113229599415997,-0.47092963809625005,-0.5175240890323097,-0.5339169134361041
0.09402339017438774,2.338547272708424,1.706876522022451,0.4476173967766306
0.38761905529468915,2.344017865470658,1.6066730407941818,1.1648924696243983
0.5104213196764783,2.3458332252296956,1.650438927958508,0.25886079865879696
-0.6801999889472098,-0.6273461010552224,-0.3071214591133466,-0.42066295456540403
-1.074837373307377,-1.0252476296350643,-1.0229540980938414,-0.49616559381253744
-0.19782715410551657,-0.6753686993320995,0.3797301013659134,-0.42066295456540403
0.3019399288859267,-0.2755961604297826,1.7202367142230197,0.1078555201645301
-0.5811318036912551,0.5169638121709423,-0.0028201348503832484,-0.5339169134361041
-0.7277974749998102,-0.3163426074525877,0.08991931635356777,-0.49616559381253744
0.3106377900676816,-0.45016955834425826,1.7058034498311003,0.14560683978809683
0.0753060991921055,-0.34835767297050607,-1.0693238236958167,-0.49616559381253744
-1.2503771313931094,-0.09772544577308794,-1.046138960894829,-0.5339169134361041
0.13666066454682868,-0.5793235027783448,1.692572957471841,-0.11865239757687024
-0.3708019843714161,-0.40781422321806865,-0.8896411369881622,-0.42066295456540403
-1.0203637384760307,0.28737005659958614,0.2753982187614692,-0.49616559381253744
-0.39233577435770733,0.07241175955070621,0.2213002055591642,-0.3829116349418373
-0.6259399387093618,-0.48251604275987753,-0.6133548552763926,-0.3829116349418373
0.4095213584005088,-0.3392105113939575,1.7143087663477672,-0.11865239757687024
2.592437239153035,-0.9844774237510212,-1.041170776008903,1.9199188620957328
-0.39530938195196524,-0.7179030006630485,-0.20452844121897612,-0.34516031531827057
0.19014447823964925,0.401709576306437,0.4145073955673948,-0.6094195526832377
-0.13264241130171434,-0.11053147198025579,-0.3505930768651985,-0.49616559381253744
-0.9474261937112126,-0.8087648056567595,0.42223568316772403,-0.3829116349418373
-0.3108675971719694,-0.5415914612750841,-0.40275901816742093,-0.42066295456540403
-0.25718199385573937,-0.5422774983933255,-0.4618804183099395,-0.34516031531827057
0.15616403468213372,-0.4881785713548839,1.6962990961362858,-0.19415503682400367
-0.7990263430166409,0.0038080477265950894,-0.5592568420740879,-0.49616559381253744
-0.765267225924883,-0.1814219741985033,-1.2200254319022368,-0.42066295456540403
-0.4228981357724479,-0.22944457247538094,-1.3243573145066811,-0.5339169134361041
-0.32525108502069555,-0.6822290705145112,0.286990650161963,-0.49616559381253744
2.801026588535685,-0.9501209419325953,-1.1567421588470816,3.8829874825212025
-0.6233067913327996,0.07927213073311687,-0.6635887246785324,-0.571668233059671
-0.5025581759218832,0.31023796054095604,-0.18829903725828498,-0.49616559381253744
2.724509454175279,-0.9814895864175232,-1.1918276257929274,2.07092414059
-0.3353446648294333,-0.40977432927018587,-0.16180205120001315,-0.45841427418897074
-0.4256524206796508,1.4774157777084922,0.664903913818062,-0.5339169134361041
-0.11961693892806723,0.37426809157679286,-0.12454066455556878,-0.571668233059671
2.7214477653567504,-1.018761460517148,-1.1738664777802703,1.353649067742232
-0.6038874432817172,-0.5038594197718229,-0.897093414317051,-0.45841427418897074
0.14704577004711877,2.2588524105097147,1.7667304230485297,0.5608713556473308
-0.8041715002391242,-0.20200308774573678,1.1969965151007291,-0.571668233059671
2.668980270849776,-0.9837274701310802,-1.1640793499259403,3.6187282451562353
-0.6924125647336615,-0.4809915158304531,-0.2694460570617416,-0.49616559381253744
-0.7685092487844032,-0.34950106816757454,0.2319266010096173,-0.42066295456540403
0.36988273019811063,2.359396774146802,1.7301250357851434,1.051638510753698
0.17193559468647432,-0.16846349529839344,-0.03373328525170005,-0.3829116349418373
2.746122672310165,-0.9455059034206857,-1.1672457736435178,2.4861886564492335
-0.007322448023981851,1.3930332121648357,-0.359287400415569,-0.42066295456540403
0.022343495664016177,-1.6495414072344705,-0.6809773717792731,-0.571668233059671
2.7764114749397852,-1.0058377989726326,-1.103818375668018,2.3729346975785335
-0.2772678715678969,0.02057784395026676,-0.6365397180773799,-0.3829116349418373
-0.16482163996753518,0.09436494733442162,0.35886372484502493,-0.5339169134361041
0.1836085164360486,-0.3548913598108971,1.7161718356799889,-0.19415503682400367
0.25146557138195835,2.340076270391308,1.6570052702203262,0.1078555201645301
-0.30550247969648037,-0.716530926426566,0.014568512250357761,-0.42066295456540403
-0.5172553462183742,-0.4215349655828905,-0.8583415722068288,-0.34516031531827057
-0.28353787728918795,0.3154649100132692,-1.2945482051911257,-0.45841427418897074
0.1685753670996869,2.361580415697629,1.644232518531782,1.1648924696243983
-0.4943718291143634,0.30413985282325734,-0.14965759925663838,-0.3829116349418373
0.32137467788075463,-0.29576149390535417,1.7186559281229528,-0.2696576760711371
-1.0012176329752658,0.09985324428035036,-0.3158157826637171,-0.571668233059671
0.36800625151798155,-0.40369800050862137,1.7117004692826565,0.03235288091739665
-0.4360072203664921,0.4565925457657258,-0.2810384884622354,-0.45841427418897074
0.4390684415791187,2.375536370788706,1.5845149362029525,0.3343634379059304
-0.6625668274475546,-0.5477657953392538,0.01804624167050584,-0.34516031531827057
-0.8228891614209907,0.43738350645497476,0.19888817151820962,-0.34516031531827057
-0.8174035439808114,-0.7563210792845505,-0.2810384884622354,-0.5339169134361041
2.694826566166968,-0.9797659095738945,-1.0615955360954874,3.3544690077912684
-0.37710814919019947,-0.37214029306953095,-0.16279568817719794,-0.34516031531827057
0.4035956733237139,-0.41731319870140676,1.7146431634073962,-0.2319063564475704
2.761609545723257,-0.9929635299531295,-1.2144727546767902,3.769733523650502
2.669895805474946,-0.9739680874635064,-1.1423912700989292,3.0147071311791676
-0.08731147220399973,-1.112145664612271,-0.5708492734745814,-0.49616559381253744
2.7136532191025515,-1.001565252402631,-1.2224074383543928,2.033172820966433
0.3158384802084833,2.3063518868010044,1.6845226578881647,0.2966121182823637
0.3913459470597479,2.2462918779772116,1.6360598543944338,0.48536871640019735
-0.6278111947747878,-0.11967863355680385,-0.7766149308333471,-0.42066295456540403
-0.2435023788166315,-0.7386365669032244,0.3604093823650904,-0.3829116349418373
-0.3786000535149344,-0.18279404843498573,-0.14888477049660565,-0.34516031531827057
-0.5109549194931475,0.504615144042603,0.05804013000220967,-0.42066295456540403
-0.272967489230146,0.2576417814758046,0.2927868658622096,-0.42066295456540403
-0.6165932218714926,0.4428718034009035,0.7390954747812225,-0.49616559381253744
-0.6129495324630054,-1.0423985575910915,-1.3069686674059404,-0.42066295456540403
-0.30772312190291257,-0.11419033661087462,-0.6288114304770507,-0.34516031531827057
0.18922994177821334,2.3155935926832534,1.6470794040106007,0.9006332322594313
2.771362363140184,-0.9681693413974037,-1.0925086864968045,2.108675460213566
0.3171043720237236,-0.4585213145663239,1.7027793372918412,0.14560683978809683
-0.34375834943881756,0.25078141029339346,-0.9348516194500881,-0.34516031531827057
0.24063664122180553,-0.48739452893403673,1.6970940057180337,0.22110947903523026
0.1820989059940532,2.410426258516396,1.6164106831705969,0.22110947903523026
-0.36625167618097465,0.522452109116872,0.052823535871987244,-0.34516031531827057
-0.7307353789008266,-1.1240369746617829,-0.30886032382342066,-0.34516031531827057
-0.3271255289158754,-0.9749382409640492,0.031957159351098156,-0.49616559381253744
-0.7056713862452801,-0.38586103543435324,0.39364101904650634,-0.34516031531827057
-0.5225048820950788,0.4918744547038392,-0.7778569770548287,-0.45841427418897074
-0.12177828750108048,0.3132870143998054,-0.2346687628602602,-0.3829116349418373
-0.25112256705989305,-0.8798077605679494,0.1293335831152462,-0.34516031531827057
-0.873028622919197,0.7927507337038673,0.6057825136755435,-0.571668233059671
0.551630461780197,-0.43650304816269647,1.717075142022885,-0.30740899569470387
-0.3304459723873368,0.168456956104461,0.17802179499732054,-0.34516031531827057
-1.0471223814286477,-1.0938513414591744,-1.3243573145066811,-0.571668233059671
2.634705215548809,-0.9616989281558882,-0.8130700769480581,1.4291517069893653
-0.7029433326229075,0.5702786967885373,0.6132347910044327,-0.45841427418897074
-0.6438573635421977,-0.24904563299655486,0.7225348584948028,-0.45841427418897074
-0.601261035888063,-0.1690733060701634,0.06673445355257955,-0.34516031531827057
0.14205925423473176,0.41085673788298505,-1.0925086864968045,-0.49616559381253744
-0.6048875110158802,-1.062979671138325,0.3362584836140615,-0.42066295456540403
-0.38959424076951926,0.2553549910816677,0.6231711607762839,-0.49616559381253744
-0.24671571120836824,1.2249541181957646,-1.4634664913126074,-0.5339169134361041
2.798288520486847,-0.9844255862355933,-1.2306598111208715,3.8452361628976357
-0.5619436188377414,-1.5521241364442333,-1.3243573145066811,-0.5339169134361041
2.694777435100528,-0.9623698969080839,-1.0839284616806908,4.071744080639036
-0.7680406378106082,-1.0984249222474487,-0.6983660188800138,-0.6094195526832377
0.34663847389655633,2.335278808025986,1.7520956340859153,0.7496279537651643
-0.7023203396081832,-0.11624844796559802,0.7014200727296178,-0.42066295456540403
-0.9612690256337102,1.2030009304120486,0.48406198397035827,-0.5339169134361041
-0.7927813845291288,-0.40095385203565753,-0.10715201745482776,-0.42066295456540403
2.789433532447999,-0.9795118217523235,-1.1657728529479257,2.108675460213566
-0.5625977615032022,0.6486829388732354,-0.359287400415569,-0.42066295456540403
-0.9292619397745897,0.6761244236028795,0.10151174775406158,-0.571668233059671
-0.4918470679494274,-0.6492992888389378,0.43537377208828393,-0.34516031531827057
-0.7828831731438683,0.06326459797415766,-0.7679206072829766,-0.6094195526832377
-0.50565128159148,0.01360857798718253,-0.6288114304770507,-0.45841427418897074
-0.06870365452736084,0.10769366848882012,-0.12205657211260551,-0.45841427418897074
0.11555472685391001,-0.42937538979136025,1.7161718356799889,-0.19415503682400367
0.3598978839305908,2.377496476840824,1.653114104435545,0.25886079865879696
-0.7348668062616309,-0.040098327840835266,0.2893091364420615,-0.34516031531827057
-1.0510324823236947,-0.4176147534786556,-1.274675465647422,-0.45841427418897074
0.7391722250070133,-0.4065668830030845,1.710751997622615,-0.30740899569470387
-0.3862005682945727,-1.6799230510422913,0.1760345210429503,-0.45841427418897074
-0.8782120340987246,0.3346303914117508,0.1594739047565306,-0.3829116349418373
2.7364898280025174,-0.9627744622718313,-1.194867389288399,2.825950533061334
0.26460351038931623,2.3807894550083804,1.6414503349956633,1.1648924696243983
-0.03999132733997208,-0.3666519961236017,-0.7331433130814955,-0.49616559381253744
0.6944552217933342,-0.36665199612360216,1.7092928104533227,-0.2319063564475704
-0.5898250154296143,-0.6890894416969219,0.02326283580072765,-0.42066295456540403
-0.3958143341849526,-0.2898158388805985,-0.6427223481576436,-0.5339169134361041
-0.8596818173063763,1.0328637250882549,0.052823535871987244,-0.5339169134361041
0.3121147254527035,2.3846551250311645,1.6120559611140635,0.14560683978809683
-0.0941283273493271,-1.6070071059035222,-0.22539481773986522,-0.5339169134361041
0.1269888583747282,2.323806615413258,1.6302006363496186,0.14560683978809683
-0.5882470397015293,0.417390424723377,-0.7877933468266806,-0.45841427418897074
-0.3560965257175654,-0.4093387501474931,0.4840619839703576,-0.3829116349418373
-0.4047428077591353,-0.2751803803581212,-1.3011724517056935,-0.49616559381253744
-0.47987357939450354,-0.6730819089379626,-1.2200254319022368,-0.49616559381253744
0.23919138893212696,2.367285691825141,1.697223409603435,0.9006332322594313
-0.8287624189592205,-0.9673156063169261,0.7159106119802349,-0.3829116349418373
-0.23068730320672895,-0.5084330005600977,-0.16511417445729676,-0.49616559381253744
-0.43298697937698,0.9657845401935693,-0.7679206072829766,-0.3829116349418373
-0.861915848397774,-0.7599799439151693,-0.02600499765137085,-0.3829116349418373
-0.791146027865477,0.008381628514869847,-0.3274082140642109,-0.49616559381253744
0.19462172137213565,-0.3381128520047719,1.719351474006982,0.22110947903523026
0.27916732150632634,-0.46797440127921136,1.7012672810222123,0.25886079865879696
-0.3146547389193734,0.07241175955070571,-0.895437352688409,-0.49616559381253744
0.18002630660138286,1.0191429827234326,-0.21148390005927228,-0.571668233059671
-0.6183146499384944,-0.4398292887359871,-1.3011724517056935,-0.49616559381253744
-0.3244668789012838,0.19589844083410513,-0.48970225367112474,-0.571668233059671
-0.8554126757002117,-1.5274268001875535,-0.2810384884622354,-0.34516031531827057
-0.630872877551098,-0.6449870555242796,0.6927257491792472,-0.45841427418897074
-0.11864146302343286,-0.7398561884467638,-1.5191101620349778,-0.5339169134361041
-0.2187998860551554,0.4771736593129588,-1.2374140790029773,-0.42066295456540403
2.7812803572860876,-0.9615441829412471,-1.1144515030763105,1.3914003873657987
-0.6131733181117157,1.1096998823312592,-0.07237472325334636,-0.5339169134361041
-0.4595989821609266,-0.17456160301609264,-1.405504334310138,-0.49616559381253744
-0.6050350619930517,-0.25296584510079023,-0.45989314435556927,-0.45841427418897074
-0.20153232308782518,0.8250924835638054,-0.5493204723022357,-0.45841427418897074
0.1531508884114719,-0.3464319547438641,1.721401503980964,-0.005398438706170067
-0.030627935700314052,-0.5988491746052076,1.6825410456829524,-0.2319063564475704
0.2520106902698423,2.3088927650167124,1.588241074867397,0.18335815941166356
-0.3437022436351523,-0.36665199612360216,0.020364727950604355,-0.3829116349418373
0.09147255408220961,2.277275402176035,1.6302006363496186,0.14560683978809683
0.5395752488624963,-0.44074400489364157,1.7047450104423598,0.03235288091739665
0.19098606529462778,-0.5450216468662894,-0.7331433130814952,-0.571668233059671
-0.4838711179056523,0.6418225676908242,-0.08976337035408706,-0.571668233059671
-0.2933377213563342,-0.4729877494509735,-0.9939730195926066,-0.42066295456540403
0.26291045980317646,-0.3666519961236017,1.717075142022885,0.1078555201645301
-0.28219352394162495,0.15473621373963867,0.2753982187614692,-0.45841427418897074
2.6398035620080664,-1.0068103820823342,-1.0559200748889959,1.6934109443543324
-0.36947812421512666,-1.1702954774917553,-1.254802726103718,-0.45841427418897074
-0.8925381410118842,0.5389169999546582,0.43189604266813586,-0.571668233059671
-0.3887909076715851,-0.5770367123842078,-0.8683883460872568,-0.3829116349418373
-0.1662038829487425,-0.2690822726404225,-0.5978982800757339,-0.3829116349418373
-0.515717537145186,-0.9474967562344051,-0.9070297840889031,-0.49616559381253744
2.7608715979603042,-0.9861838690199232,-1.2924440327688511,2.4861886564492335
-0.1833671583427013,-0.30079243277245543,-0.1697511470174944,-0.34516031531827057
-0.3454797775058194,-0.30079243277245543,-0.09324109977423514,-0.34516031531827057
-0.9560875271520348,0.9573996420817327,-0.3158157826637171,-0.42066295456540403
-0.4853744984175006,0.4675691396575833,-0.01673105253097618,-0.5339169134361041
-0.0893198049488352,0.30566437975268224,-1.3417459616074219,-0.571668233059671
-0.45634739581214534,0.17303053689273476,-0.4665173908701368,-0.3829116349418373
-0.23810857087335915,0.30566437975268224,0.2232322774592468,-0.571668233059671
2.694155434888511,-0.9516931344834403,-1.048290133732034,2.9392044919320344
-0.4927077819829283,-1.0183872584526532,0.4145073955673948,-0.571668233059671
-0.25540892294672746,-0.7371120399737995,0.2840925423118391,-0.42066295456540403
0.052812772449948385,-0.07655630041022017,-0.6486841700207543,-0.45841427418897074
-0.6159046506446918,0.25078141029339346,0.20584363035850578,-0.42066295456540403
-0.5332761034286045,0.0541174363976101,0.8318349259851735,-0.49616559381253744
0.4613191289365934,-0.4928828258799655,1.7082227398625072,0.03235288091739665
-0.11206510884282869,2.2963651306836144,1.6604417617422114,0.14560683978809683
0.13115687647705357,0.01752879009141741,-0.3274082140642109,-0.6094195526832377
2.7895791465803024,-0.9688755873609886,-1.1475053377921707,4.147246719886169
-0.7754695562686471,0.3331058644823264,-0.4410140417890504,-0.34516031531827057
-0.40729052129829807,-0.9182258391894511,-0.5801232185949766,-0.34516031531827057
-0.3731505040913972,-0.6724285402539237,-0.40027492572445794,-0.45841427418897074
0.22820170064790515,-0.4195748595307733,1.7161718356799889,-0.19415503682400367
-0.5590401434980651,-0.8605987212571984,-0.8461695192363102,-0.42066295456540403
2.725694702607745,-0.9336034259153088,-1.1957469434974286,1.2781464284950985
-0.5766069070579932,-1.16637526538752,-0.8672843050014954,-0.45841427418897074
0.14725476615577332,2.27725105303253,1.6906211705523704,1.1271411500008317
-0.34302387346356344,-0.8825519090409139,0.8179240083045806,-0.5339169134361041
0.26609770995147386,-0.25459926681088774,1.7186559281229528,-0.2696576760711371
0.34802948866425104,-0.3294099811333706,1.7261082054518413,-0.19415503682400367
-0.3320730406936288,1.3896030265736303,0.2058436303585064,-0.3829116349418373
-0.008929114219850216,-0.11281826237439269,-0.3332044297644575,-0.571668233059671
-1.203676700633202,0.2919436373878604,-0.3042233512632233,-0.49616559381253744
-0.7565338475316271,-1.9253283287673952,-0.5314350067129026,-0.5339169134361041
-0.30812970681778573,-0.147120118286448,0.2555254792177655,-0.45841427418897074
-0.36251043918202397,-0.29804828429949154,-0.36450399454579147,-0.34516031531827057
0.4857060265524525,-0.45446474725846386,1.7117004692826565,0.03235288091739665
0.025178113881012588,-0.7343678915008351,-0.5453459243934949,-0.5339169134361041
-0.6930410225993924,0.19393833478198794,-0.20154753028742045,-0.45841427418897074
-0.27359549169162634,-0.0739428256740631,-0.3351365016645401,-0.3829116349418373
2.6447561058146047,-0.9442839102261137,-1.1398364642806387,3.8452361628976357
-1.2966338162513005,0.4748868689188214,1.110053279597026,-0.6094195526832377
-1.3973947391064736,-1.2905153153549584,-0.6983660188800138,-0.6094195526832377
-0.9678137311989209,-0.04127439147210577,-0.04256561393779057,-0.45841427418897074
2.814637893217175,-0.9851573355378496,-1.1167803397415883,4.1094954002626025
-0.36901361187958637,-0.9612174985992274,0.7159106119802349,-0.49616559381253744
-0.7663000827650842,-0.5518820180487006,-0.2288725471600133,-0.571668233059671
-0.7394266779413335,-0.022108910073624144,-0.48970225367112474,-0.3829116349418373
-0.4106721711010304,-0.05869755637981635,-0.18829903725828467,-0.3829116349418373
-0.40738233079520475,0.30566437975268224,-0.7418376366318656,-0.42066295456540403
-0.2636622141790752,-0.10595789119198153,-0.3505930768651985,-0.49616559381253744
0.49675160716671907,2.2605718897319047,1.5606460479466553,0.14560683978809683
-0.40026709478493055,-0.49209878345911834,-0.4897022536711244,-0.45841427418897074
0.2698848516988778,-1.1281531973712298,-0.7853092543837176,-0.571668233059671
2.8219852196414665,-0.957989088631034,-1.1109201951917065,3.127961090049868
0.22374536305454104,2.3300975486714375,1.6443589814197872,0.1078555201645301
2.7216124446291734,-1.01849280262469,-1.0835914315733475,1.7311622639778992
-0.31324480735973387,-0.37841263243630685,0.5238074630577656,-0.45841427418897074
-0.03935740462323494,0.06457133534223644,-0.33072033732149486,-0.45841427418897074
-0.5143862994400378,1.905502939490942,-0.2671275707816428,-0.5339169134361041
-0.31519029431799633,-0.9429231754461314,-0.4201476652681616,-0.49616559381253744
0.015325962327814895,2.2959136844013397,1.5988152521583878,0.6741253145180309
-0.4096201872823071,0.10671361546276152,-1.5330210797155706,-0.571668233059671
0.1742308321091434,2.316341168014759,1.6565536170488784,0.5986226752708975
-0.6080090339107103,-0.6273461010552224,-0.754009689602384,-0.34516031531827057
-0.0018521321666203731,-0.23401815326365522,-0.0028201348503832484,-0.49616559381253744
-0.7847767440175704,-1.3133832192963286,-1.5156324326148296,-0.571668233059671
-0.5063070637122427,0.8224790088276484,-1.6257605309195209,-0.6094195526832377
0.19006797032556014,-0.778274267068266,0.44928468976887687,-0.571668233059671
-0.574751043656235,0.33585001295529077,-0.5731677597546802,-0.5339169134361041
-0.28074260599943757,0.10671361546276102,0.2753982187614692,-0.42066295456540403
0.5745890957453131,-0.4187908171099261,1.7117004692826565,0.03235288091739665
2.7064836519927375,-0.9839024593090666,-1.2436739919592443,2.108675460213566
0.3315311034760654,-0.705096974455881,0.043549590751591954,-0.6094195526832377
-0.5905932824002578,-0.1593163337218454,-0.42787595286849084,-0.3829116349418373
-0.28351601788516284,-0.30719544587603964,0.6811333177787535,-0.49616559381253744
-0.41615013774980064,0.4181744671442232,0.9570331851105068,-0.5339169134361041
0.6328766500939949,-0.45926700708615115,1.7012672810222116,-0.11865239757687024
-0.5872305774143473,-0.43329560189559513,-0.8871570445451992,-0.45841427418897074
-0.19543354936473326,0.7388478172706375,-0.6387478002489025,-0.45841427418897074
-0.842834774623985,-0.8496221273653405,-1.3939119029096443,-0.5339169134361041
0.3164207904434937,-0.31862939784672456,-1.0809162550963105,-0.571668233059671
-0.5088547772514055,-0.6355785464741155,-1.094827172776903,-0.34516031531827057
-0.5016510106548281,1.2680764513423477,-0.6884296491081616,-0.45841427418897074
-0.4422371505137369,1.2680764513423477,0.19590726058665395,-0.45841427418897074
-0.5079519838651556,0.4474453841891773,-0.16511417445729676,-0.49616559381253744
-0.21865643371623858,0.2233399255637493,-0.6635887246785324,-0.571668233059671
2.6839486284374017,-1.0129561312665774,-1.245383875590817,2.9014531723084676
-0.32786874865273974,0.6957254841240539,-0.45989314435556927,-0.45841427418897074
2.7266762967955485,-0.9783418359692769,-1.1286339378378782,2.5239399760728003
0.01815468736764508,2.275570962130716,1.6381003589011538,1.1271411500008317
0.2693346697872674,2.355973743719533,1.6228478921365177,1.2026437892479651
0.5779439677781145,-0.37351236730601334,1.7215540359730759,0.18335815941166356
-0.43922875003473844,-1.0355381864086808,-0.4288419888185318,-0.42066295456540403
-0.5528238754783363,-0.09223714882715921,0.11310417915455538,-0.6094195526832377
-0.3119004540121705,0.6322180480354487,-0.9626734548112733,-0.5339169134361041
-0.49037811599891923,-0.17456160301609214,0.76228033758221,-0.5339169134361041
-0.01185554193375331,-0.8262968653451436,-0.2636498413614947,-0.571668233059671
-0.9605919305940229,-0.8262968653451431,-0.43753631236890234,-0.571668233059671
-0.614481603442637,0.37152394310382847,-0.09324109977423514,-0.34516031531827057
-0.5633666660397963,-0.10870203966494638,-0.12801839397571654,-0.34516031531827057
2.733602720085394,-0.9599107612311492,-1.1570950900138417,4.033992761015469
0.03854056883989697,-0.4514711307425025,1.6981057088220775,-0.30740899569470387
-0.293806332330129,-1.1578814724950108,-1.1504708434992736,-0.49616559381253744
-0.5984837986066335,1.1096998823312592,-0.3505930768651985,-0.34516031531827057
-0.6259271873903469,0.973407174840692,0.24062092455998782,-0.49616559381253744
-0.5638601420856701,-0.6101951730991947,-0.6635887246785324,-0.42066295456540403
2.8419831025370277,-0.923322114924957,-1.0501135088035698,3.241215048920568
-0.8483484449659969,-0.5130065813483715,0.7004540367795765,-0.3829116349418373
-0.5525790501532517,-1.2612443983100043,-0.6009895951158657,-0.5339169134361041
-0.41882982744076686,-0.31862939784672456,-0.6288114304770507,-0.42066295456540403
0.46547809914647,2.288586066316775,1.6859652715735602,0.22110947903523026
0.21220061690129766,-0.3862530566447761,1.7161718356799889,-0.19415503682400367
-0.654808924958933,-0.6547875857848665,-0.40275901816742093,-0.571668233059671
-0.2788260827515088,-0.6273461010552224,0.22671000687939488,-0.34516031531827057
-0.16896454351545273,-0.19514271656332563,-0.3505930768651985,-0.571668233059671
0.21329037248432997,2.2709589478904397,1.7053587273988566,0.5608713556473308
-0.17550597017005964,0.39827939071523166,-1.0722219315459403,-0.42066295456540403
-0.9182448001457781,-0.39409348085324586,-1.4113005500103852,-0.571668233059671
-0.012109657505548875,0.29978406159633014,-0.7877933468266809,-0.45841427418897074
2.763359790935794,-1.044317135972613,-1.0803268094318788,1.5046543462364987
0.20502373737167193,-0.4182419874153331,1.711004923398626,0.22110947903523026
0.22922472075629496,2.3050509571545623,1.647014702067901,1.1648924696243983
0.28600006675688733,-0.33393330279210315,1.7173183398844338,0.25886079865879696
-0.8990910438536046,-0.4434881533666059,-1.087871713936607,-0.34516031531827057
-1.0138529149870592,0.37426809157679286,-0.6357668893173472,-0.34516031531827057
0.3141660572106366,2.254009795557424,1.635804138995893,0.5608713556473308
-0.10174851559258825,0.1766894015233536,-0.4618804183099395,-0.5339169134361041
-0.24125304614241597,-0.38860518390731713,0.17802179499732054,-0.5339169134361041
0.7663921078646273,-0.4227280736146141,1.7118516749096184,0.14560683978809683
0.29295198779670223,-0.54502164686629,1.6896748496217178,-0.2696576760711371
-0.901153478623403,0.07633197165494109,-1.3144209447348294,-0.45841427418897074
-0.1297569699703587,-0.840997660736024,-0.12205657211260551,-0.45841427418897074
-0.25933951703304825,1.1096998823312592,-0.5036131713517173,-0.5339169134361041
-0.9725080382133799,-0.5404480660780152,-1.0809162550963107,-0.49616559381253744
-0.09069694740243665,0.2576417814758046,-0.48970225367112474,-0.571668233059671
-0.38213471914584474,-1.1185486777158542,-0.030641970211568493,-0.5339169134361041
-0.15791552558910404,-0.7752252132094166,0.3526810947647612,-0.3829116349418373
-0.39626682384827866,-0.12359884566103872,-1.0362025911229769,-0.45841427418897074
2.687191386949942,-0.9703646601757755,-1.0802474609770514,3.203463729297001
-0.7000633561425587,0.6989923275442499,-0.1303368802558157,-0.49616559381253744
-0.5460720520599847,-0.03735417936787138,-1.2200254319022368,-0.571668233059671
0.33713148278737787,-0.3318927821327194,1.7221336575431008,-0.15640371720043697
-0.40856820346358386,0.5617849038960286,0.5536165723733211,-0.49616559381253744
0.21232588810128974,2.401419822502565,1.6629230848513477,0.7496279537651643
2.6476351769293007,-0.9598102429720662,-1.1617065847028294,1.7311622639778992
0.49220728655216284,2.2565824347508276,1.5599845233286929,0.48536871640019735
0.3560478203716818,2.3792480609725026,1.7212457266273182,1.051638510753698
-0.5966935134169515,-1.3710103372285813,-0.6149005127964581,-0.5339169134361041
-0.01310227317015762,-0.5088487806317586,1.6981057088220775,-0.30740899569470387
2.685306298244195,-0.9554867467681372,-1.0796592444625221,2.4106860172021003
-0.8528420097868223,-0.2953041358265267,-0.22539481773986522,-0.34516031531827057
0.3635944773005511,2.3155571255939114,1.7340573012693228,0.5986226752708975
-0.8309683971487859,0.28508326620544877,-0.7331433130814952,-0.42066295456540403
-0.7158851927761576,0.5197079606439077,0.14324450079583914,-0.34516031531827057
-1.0423023828410425,0.8133318472511007,0.2580095716607282,-0.571668233059671
-0.5125042047534492,-0.42839533676530167,0.5796995430244326,-0.42066295456540403
-0.5377231259350259,-0.8125761229803208,-0.4201476652681616,-0.42066295456540403
-0.024631704035627547,2.3235597654756606,1.6353103437435403,0.37211475752949713
-0.8729220583245731,-1.0722901748858829,-0.7381114979674211,-0.45841427418897074
0.003579929733696341,-0.6822290705145112,-0.2926309198627292,-0.49616559381253744
-0.4740015969881752,-0.7851346382506766,0.44928468976887687,-0.571668233059671
-0.6061498915983482,0.7529605808458837,-0.5175240890323103,-0.5339169134361041
-0.5720656158717121,-0.5690329460047282,-1.0113616666933476,-0.42066295456540403
-0.2481617107846496,-0.8990167998787005,-0.4410140417890504,-0.34516031531827057
-0.6364470255775803,-0.3163426074525877,-0.8258827642854462,-0.49616559381253744
0.26539001174615073,-0.43068212715943854,1.7070634967224583,0.18335815941166356
-0.6093632239900849,0.009296344672523823,-0.2740830296219389,-0.34516031531827057
0.19866907056208863,-0.5428552138613179,1.6921153614955058,-0.005398438706170067
0.011049014846631875,-0.4581236118890827,1.7070634967224583,0.18335815941166356
0.2618480076010321,2.266610477321036,1.650875691464963,1.1271411500008317
-0.5037057946332177,-0.009912694638226744,-0.10715201745482776,-0.49616559381253744
-0.7040290163561702,-0.5495952276545637,-0.08783129845400477,-0.3829116349418373
0.2819603508059203,2.3988398538527687,1.7109276405226235,0.6363739948944642
-0.4753978664202988,-1.4185755774266315,-1.2895800203051997,-0.49616559381253744
-0.12211300962521986,-0.08880696323595387,-0.4288419888185318,-0.42066295456540403
-0.3270490210017865,0.5617849038960286,0.7622803375822107,-0.49616559381253744
2.7466275802762783,-1.009502515445924,-0.9611911439108825,3.8829874825212025
-0.3357250184594757,0.6816127205488087,0.567527490053914,-0.5339169134361041
-0.11841193928116595,-0.126539004739215,-1.567798373917052,-0.571668233059671
-0.073999095152519,-0.4530926730219814,1.7012672810222116,0.03235288091739665
2.713581854925296,-0.9505056909635329,-1.2721913732044587,2.146426779837133
-0.40990709196014075,1.1083278080947772,0.8144462788844326,-0.571668233059671
2.7335327699925127,-0.9816461594535184,-1.1581991310996027,2.674945254567067
-0.7494645162698063,-0.1251669305027321,0.06673445355257955,-0.5339169134361041
0.35599527408515425,2.3226135073815346,1.5718957465926997,0.22110947903523026
-0.5616987935126567,-0.5953310355373039,-1.0152258104935123,-0.3829116349418373
